Sample	Name	Read Count	Frequency	Position	mut_ID	hg38_genomic_Soussi	hg38_cDNA_Soussi	hg38_protein_Soussi	ID	Min Position	Location	Type	AA Position	Alteration	Effect	Mutant Codon	WT Codon	New AA	Original AA	Full Sequence	Sequence	Duplicate	Duplicate Full	Duplicate Count	Duplicate Entries
Exon5_N3a_Exon_5_Lib_N3a_1	7675041>A_g.7675041ins1	1	0.1428571428571428	7675041	3033	NC_000017.11:g.7675041_7675042insT	NM_000546.6:c.559+11_559+12insA	NP_000537.3:p.?	Ex5	7675041	Intron	Insertion		7675041>A	g.7675041ins1					CTCTGTCTCCTTCCTCTTCCTACAGTACTCCCCTGCCCTCAACAAGATGTTTTGCCAACTGGCCAAGACCTGCCCTGTGCAGCTGTGGGTTGATTCCACACCCCCGCCCGGCACCCGCGTCCGCGCCATGGCCATCTACAAGCAGTCACAGCACATGACGGAGGTTGTGAGGCGCTGCCCCCACCATGAGCGCTGCTCAGATAGCGATGGTGAGCAGCTGAGGGCTGGAGAGACG	CTCTGTCTCCTTCCTCTTCCTACAGTACTCCCCTGCCCTCAACAAGATGTTTTGCCAACTGGCCAAGACCTGCCCTGTGCAGCTGTGGGTTGATTCCACACCCCCGCCCGGCACCCGCGTCCGCGCCATGGCCATCTACAAGCAGTCACAGCACATGACGGAGGTTGTGAGGCGCTGCCCCCACCATGAGCGCTGCTCAGATAGCGATGGTGAGCAGCTGAGGGCTGGAGAGACG	0	0	1	
Exon5_N3a_Exon_5_Lib_N3a_1	7675041>C_g.7675041ins1	1	0.1428571428571428	7675041	3032	NC_000017.11:g.7675041_7675042insG	NM_000546.6:c.559+11_559+12insC	NP_000537.3:p.?	Ex5	7675041	Intron	Insertion		7675041>C	g.7675041ins1					CTCTGTCTCCTTCCTCTTCCTACAGTACTCCCCTGCCCTCAACAAGATGTTTTGCCAACTGGCCAAGACCTGCCCTGTGCAGCTGTGGGTTGATTCCACACCCCCGCCCGGCACCCGCGTCCGCGCCATGGCCATCTACAAGCAGTCACAGCACATGACGGAGGTTGTGAGGCGCTGCCCCCACCATGAGCGCTGCTCAGATAGCGATGGTGAGCAGCTGCGGGCTGGAGAGACG	CTCTGTCTCCTTCCTCTTCCTACAGTACTCCCCTGCCCTCAACAAGATGTTTTGCCAACTGGCCAAGACCTGCCCTGTGCAGCTGTGGGTTGATTCCACACCCCCGCCCGGCACCCGCGTCCGCGCCATGGCCATCTACAAGCAGTCACAGCACATGACGGAGGTTGTGAGGCGCTGCCCCCACCATGAGCGCTGCTCAGATAGCGATGGTGAGCAGCTGCGGGCTGGAGAGACG	0	0	1	
Exon5_N3a_Exon_5_Lib_N3a_1	7675041>T_g.7675041ins1	1	0.1428571428571428	7675041	3030	NC_000017.11:g.7675041_7675042insA	NM_000546.6:c.559+11_559+12insT	NP_000537.3:p.?	Ex5	7675041	Intron	Insertion		7675041>T	g.7675041ins1					CTCTGTCTCCTTCCTCTTCCTACAGTACTCCCCTGCCCTCAACAAGATGTTTTGCCAACTGGCCAAGACCTGCCCTGTGCAGCTGTGGGTTGATTCCACACCCCCGCCCGGCACCCGCGTCCGCGCCATGGCCATCTACAAGCAGTCACAGCACATGACGGAGGTTGTGAGGCGCTGCCCCCACCATGAGCGCTGCTCAGATAGCGATGGTGAGCAGCTGTGGGCTGGAGAGACG	CTCTGTCTCCTTCCTCTTCCTACAGTACTCCCCTGCCCTCAACAAGATGTTTTGCCAACTGGCCAAGACCTGCCCTGTGCAGCTGTGGGTTGATTCCACACCCCCGCCCGGCACCCGCGTCCGCGCCATGGCCATCTACAAGCAGTCACAGCACATGACGGAGGTTGTGAGGCGCTGCCCCCACCATGAGCGCTGCTCAGATAGCGATGGTGAGCAGCTGTGGGCTGGAGAGACG	0	0	1	
Exon5_N3a_Exon_5_Lib_N3a_1	7675041G>A_nan	1	0.1428571428571428	7675041	3028	NC_000017.11:g.7675041C>T	NM_000546.6:c.559+12G>A	NP_000537.3:p.?	Ex5	7675041	Intron	SNP		7675041G>A						CTCTGTCTCCTTCCTCTTCCTACAGTACTCCCCTGCCCTCAACAAGATGTTTTGCCAACTGGCCAAGACCTGCCCTGTGCAGCTGTGGGTTGATTCCACACCCCCGCCCGGCACCCGCGTCCGCGCCATGGCCATCTACAAGCAGTCACAGCACATGACGGAGGTTGTGAGGCGCTGCCCCCACCATGAGCGCTGCTCAGATAGCGATGGTGAGCAGCTGAGGCTGGAGAGACG	CTCTGTCTCCTTCCTCTTCCTACAGTACTCCCCTGCCCTCAACAAGATGTTTTGCCAACTGGCCAAGACCTGCCCTGTGCAGCTGTGGGTTGATTCCACACCCCCGCCCGGCACCCGCGTCCGCGCCATGGCCATCTACAAGCAGTCACAGCACATGACGGAGGTTGTGAGGCGCTGCCCCCACCATGAGCGCTGCTCAGATAGCGATGGTGAGCAGCTGAGGCTGGAGAGACG	0	0	1	
Exon5_N3a_Exon_5_Lib_N3a_1	7675041G>C_nan	1	0.1428571428571428	7675041	3027	NC_000017.11:g.7675041C>G	NM_000546.6:c.559+12G>C	NP_000537.3:p.?	Ex5	7675041	Intron	SNP		7675041G>C						CTCTGTCTCCTTCCTCTTCCTACAGTACTCCCCTGCCCTCAACAAGATGTTTTGCCAACTGGCCAAGACCTGCCCTGTGCAGCTGTGGGTTGATTCCACACCCCCGCCCGGCACCCGCGTCCGCGCCATGGCCATCTACAAGCAGTCACAGCACATGACGGAGGTTGTGAGGCGCTGCCCCCACCATGAGCGCTGCTCAGATAGCGATGGTGAGCAGCTGCGGCTGGAGAGACG	CTCTGTCTCCTTCCTCTTCCTACAGTACTCCCCTGCCCTCAACAAGATGTTTTGCCAACTGGCCAAGACCTGCCCTGTGCAGCTGTGGGTTGATTCCACACCCCCGCCCGGCACCCGCGTCCGCGCCATGGCCATCTACAAGCAGTCACAGCACATGACGGAGGTTGTGAGGCGCTGCCCCCACCATGAGCGCTGCTCAGATAGCGATGGTGAGCAGCTGCGGCTGGAGAGACG	0	0	1	
Exon5_N3a_Exon_5_Lib_N3a_1	7675041G>T_nan	1	0.1428571428571428	7675041	3026	NC_000017.11:g.7675041C>A	NM_000546.6:c.559+12G>T	NP_000537.3:p.?	Ex5	7675041	Intron	SNP		7675041G>T						CTCTGTCTCCTTCCTCTTCCTACAGTACTCCCCTGCCCTCAACAAGATGTTTTGCCAACTGGCCAAGACCTGCCCTGTGCAGCTGTGGGTTGATTCCACACCCCCGCCCGGCACCCGCGTCCGCGCCATGGCCATCTACAAGCAGTCACAGCACATGACGGAGGTTGTGAGGCGCTGCCCCCACCATGAGCGCTGCTCAGATAGCGATGGTGAGCAGCTGTGGCTGGAGAGACG	CTCTGTCTCCTTCCTCTTCCTACAGTACTCCCCTGCCCTCAACAAGATGTTTTGCCAACTGGCCAAGACCTGCCCTGTGCAGCTGTGGGTTGATTCCACACCCCCGCCCGGCACCCGCGTCCGCGCCATGGCCATCTACAAGCAGTCACAGCACATGACGGAGGTTGTGAGGCGCTGCCCCCACCATGAGCGCTGCTCAGATAGCGATGGTGAGCAGCTGTGGCTGGAGAGACG	0	0	1	
Exon5_N3a_Exon_5_Lib_N3a_1	7675042>A_g.7675042ins1	0	0.0	7675042	3025	NC_000017.11:g.7675042_7675043insT	NM_000546.6:c.559+10_559+11insA	NP_000537.3:p.?	Ex5	7675042	Intron	Insertion		7675042>A	g.7675042ins1					CTCTGTCTCCTTCCTCTTCCTACAGTACTCCCCTGCCCTCAACAAGATGTTTTGCCAACTGGCCAAGACCTGCCCTGTGCAGCTGTGGGTTGATTCCACACCCCCGCCCGGCACCCGCGTCCGCGCCATGGCCATCTACAAGCAGTCACAGCACATGACGGAGGTTGTGAGGCGCTGCCCCCACCATGAGCGCTGCTCAGATAGCGATGGTGAGCAGCTAGGGGCTGGAGAGACG	CTCTGTCTCCTTCCTCTTCCTACAGTACTCCCCTGCCCTCAACAAGATGTTTTGCCAACTGGCCAAGACCTGCCCTGTGCAGCTGTGGGTTGATTCCACACCCCCGCCCGGCACCCGCGTCCGCGCCATGGCCATCTACAAGCAGTCACAGCACATGACGGAGGTTGTGAGGCGCTGCCCCCACCATGAGCGCTGCTCAGATAGCGATGGTGAGCAGCTAGGGGCTGGAGAGACG	0	0	1	
Exon5_N3a_Exon_5_Lib_N3a_1	7675042>G_g.7675042ins1	1	0.1428571428571428	7675042	3023	NC_000017.11:g.7675042dup	NM_000546.6:c.559+14dup	NP_000537.3:p.?	Ex5	7675042	Intron	Insertion		7675042>G	g.7675042ins1					CTCTGTCTCCTTCCTCTTCCTACAGTACTCCCCTGCCCTCAACAAGATGTTTTGCCAACTGGCCAAGACCTGCCCTGTGCAGCTGTGGGTTGATTCCACACCCCCGCCCGGCACCCGCGTCCGCGCCATGGCCATCTACAAGCAGTCACAGCACATGACGGAGGTTGTGAGGCGCTGCCCCCACCATGAGCGCTGCTCAGATAGCGATGGTGAGCAGCTGGGGGCTGGAGAGACG	CTCTGTCTCCTTCCTCTTCCTACAGTACTCCCCTGCCCTCAACAAGATGTTTTGCCAACTGGCCAAGACCTGCCCTGTGCAGCTGTGGGTTGATTCCACACCCCCGCCCGGCACCCGCGTCCGCGCCATGGCCATCTACAAGCAGTCACAGCACATGACGGAGGTTGTGAGGCGCTGCCCCCACCATGAGCGCTGCTCAGATAGCGATGGTGAGCAGCTGGGGGCTGGAGAGACG	0	0	1	
Exon5_N3a_Exon_5_Lib_N3a_2	7675041>A_g.7675041ins1	1	1.0	7675041	3033	NC_000017.11:g.7675041_7675042insT	NM_000546.6:c.559+11_559+12insA	NP_000537.3:p.?	Ex5	7675041	Intron	Insertion		7675041>A	g.7675041ins1					CTCTGTCTCCTTCCTCTTCCTACAGTACTCCCCTGCCCTCAACAAGATGTTTTGCCAACTGGCCAAGACCTGCCCTGTGCAGCTGTGGGTTGATTCCACACCCCCGCCCGGCACCCGCGTCCGCGCCATGGCCATCTACAAGCAGTCACAGCACATGACGGAGGTTGTGAGGCGCTGCCCCCACCATGAGCGCTGCTCAGATAGCGATGGTGAGCAGCTGAGGGCTGGAGAGACG	CTCTGTCTCCTTCCTCTTCCTACAGTACTCCCCTGCCCTCAACAAGATGTTTTGCCAACTGGCCAAGACCTGCCCTGTGCAGCTGTGGGTTGATTCCACACCCCCGCCCGGCACCCGCGTCCGCGCCATGGCCATCTACAAGCAGTCACAGCACATGACGGAGGTTGTGAGGCGCTGCCCCCACCATGAGCGCTGCTCAGATAGCGATGGTGAGCAGCTGAGGGCTGGAGAGACG	0	0	1	
Exon5_N3a_Exon_5_Lib_N3a_2	7675041>C_g.7675041ins1	0	0.0	7675041	3032	NC_000017.11:g.7675041_7675042insG	NM_000546.6:c.559+11_559+12insC	NP_000537.3:p.?	Ex5	7675041	Intron	Insertion		7675041>C	g.7675041ins1					CTCTGTCTCCTTCCTCTTCCTACAGTACTCCCCTGCCCTCAACAAGATGTTTTGCCAACTGGCCAAGACCTGCCCTGTGCAGCTGTGGGTTGATTCCACACCCCCGCCCGGCACCCGCGTCCGCGCCATGGCCATCTACAAGCAGTCACAGCACATGACGGAGGTTGTGAGGCGCTGCCCCCACCATGAGCGCTGCTCAGATAGCGATGGTGAGCAGCTGCGGGCTGGAGAGACG	CTCTGTCTCCTTCCTCTTCCTACAGTACTCCCCTGCCCTCAACAAGATGTTTTGCCAACTGGCCAAGACCTGCCCTGTGCAGCTGTGGGTTGATTCCACACCCCCGCCCGGCACCCGCGTCCGCGCCATGGCCATCTACAAGCAGTCACAGCACATGACGGAGGTTGTGAGGCGCTGCCCCCACCATGAGCGCTGCTCAGATAGCGATGGTGAGCAGCTGCGGGCTGGAGAGACG	0	0	1	
Exon5_N3a_Exon_5_Lib_N3a_2	7675041>T_g.7675041ins1	0	0.0	7675041	3030	NC_000017.11:g.7675041_7675042insA	NM_000546.6:c.559+11_559+12insT	NP_000537.3:p.?	Ex5	7675041	Intron	Insertion		7675041>T	g.7675041ins1					CTCTGTCTCCTTCCTCTTCCTACAGTACTCCCCTGCCCTCAACAAGATGTTTTGCCAACTGGCCAAGACCTGCCCTGTGCAGCTGTGGGTTGATTCCACACCCCCGCCCGGCACCCGCGTCCGCGCCATGGCCATCTACAAGCAGTCACAGCACATGACGGAGGTTGTGAGGCGCTGCCCCCACCATGAGCGCTGCTCAGATAGCGATGGTGAGCAGCTGTGGGCTGGAGAGACG	CTCTGTCTCCTTCCTCTTCCTACAGTACTCCCCTGCCCTCAACAAGATGTTTTGCCAACTGGCCAAGACCTGCCCTGTGCAGCTGTGGGTTGATTCCACACCCCCGCCCGGCACCCGCGTCCGCGCCATGGCCATCTACAAGCAGTCACAGCACATGACGGAGGTTGTGAGGCGCTGCCCCCACCATGAGCGCTGCTCAGATAGCGATGGTGAGCAGCTGTGGGCTGGAGAGACG	0	0	1	
Exon5_N3a_Exon_5_Lib_N3a_2	7675041G>A_nan	0	0.0	7675041	3028	NC_000017.11:g.7675041C>T	NM_000546.6:c.559+12G>A	NP_000537.3:p.?	Ex5	7675041	Intron	SNP		7675041G>A						CTCTGTCTCCTTCCTCTTCCTACAGTACTCCCCTGCCCTCAACAAGATGTTTTGCCAACTGGCCAAGACCTGCCCTGTGCAGCTGTGGGTTGATTCCACACCCCCGCCCGGCACCCGCGTCCGCGCCATGGCCATCTACAAGCAGTCACAGCACATGACGGAGGTTGTGAGGCGCTGCCCCCACCATGAGCGCTGCTCAGATAGCGATGGTGAGCAGCTGAGGCTGGAGAGACG	CTCTGTCTCCTTCCTCTTCCTACAGTACTCCCCTGCCCTCAACAAGATGTTTTGCCAACTGGCCAAGACCTGCCCTGTGCAGCTGTGGGTTGATTCCACACCCCCGCCCGGCACCCGCGTCCGCGCCATGGCCATCTACAAGCAGTCACAGCACATGACGGAGGTTGTGAGGCGCTGCCCCCACCATGAGCGCTGCTCAGATAGCGATGGTGAGCAGCTGAGGCTGGAGAGACG	0	0	1	
Exon5_N3a_Exon_5_Lib_N3a_2	7675041G>C_nan	0	0.0	7675041	3027	NC_000017.11:g.7675041C>G	NM_000546.6:c.559+12G>C	NP_000537.3:p.?	Ex5	7675041	Intron	SNP		7675041G>C						CTCTGTCTCCTTCCTCTTCCTACAGTACTCCCCTGCCCTCAACAAGATGTTTTGCCAACTGGCCAAGACCTGCCCTGTGCAGCTGTGGGTTGATTCCACACCCCCGCCCGGCACCCGCGTCCGCGCCATGGCCATCTACAAGCAGTCACAGCACATGACGGAGGTTGTGAGGCGCTGCCCCCACCATGAGCGCTGCTCAGATAGCGATGGTGAGCAGCTGCGGCTGGAGAGACG	CTCTGTCTCCTTCCTCTTCCTACAGTACTCCCCTGCCCTCAACAAGATGTTTTGCCAACTGGCCAAGACCTGCCCTGTGCAGCTGTGGGTTGATTCCACACCCCCGCCCGGCACCCGCGTCCGCGCCATGGCCATCTACAAGCAGTCACAGCACATGACGGAGGTTGTGAGGCGCTGCCCCCACCATGAGCGCTGCTCAGATAGCGATGGTGAGCAGCTGCGGCTGGAGAGACG	0	0	1	
Exon5_N3a_Exon_5_Lib_N3a_2	7675041G>T_nan	0	0.0	7675041	3026	NC_000017.11:g.7675041C>A	NM_000546.6:c.559+12G>T	NP_000537.3:p.?	Ex5	7675041	Intron	SNP		7675041G>T						CTCTGTCTCCTTCCTCTTCCTACAGTACTCCCCTGCCCTCAACAAGATGTTTTGCCAACTGGCCAAGACCTGCCCTGTGCAGCTGTGGGTTGATTCCACACCCCCGCCCGGCACCCGCGTCCGCGCCATGGCCATCTACAAGCAGTCACAGCACATGACGGAGGTTGTGAGGCGCTGCCCCCACCATGAGCGCTGCTCAGATAGCGATGGTGAGCAGCTGTGGCTGGAGAGACG	CTCTGTCTCCTTCCTCTTCCTACAGTACTCCCCTGCCCTCAACAAGATGTTTTGCCAACTGGCCAAGACCTGCCCTGTGCAGCTGTGGGTTGATTCCACACCCCCGCCCGGCACCCGCGTCCGCGCCATGGCCATCTACAAGCAGTCACAGCACATGACGGAGGTTGTGAGGCGCTGCCCCCACCATGAGCGCTGCTCAGATAGCGATGGTGAGCAGCTGTGGCTGGAGAGACG	0	0	1	
Exon5_N3a_Exon_5_Lib_N3a_2	7675042>A_g.7675042ins1	0	0.0	7675042	3025	NC_000017.11:g.7675042_7675043insT	NM_000546.6:c.559+10_559+11insA	NP_000537.3:p.?	Ex5	7675042	Intron	Insertion		7675042>A	g.7675042ins1					CTCTGTCTCCTTCCTCTTCCTACAGTACTCCCCTGCCCTCAACAAGATGTTTTGCCAACTGGCCAAGACCTGCCCTGTGCAGCTGTGGGTTGATTCCACACCCCCGCCCGGCACCCGCGTCCGCGCCATGGCCATCTACAAGCAGTCACAGCACATGACGGAGGTTGTGAGGCGCTGCCCCCACCATGAGCGCTGCTCAGATAGCGATGGTGAGCAGCTAGGGGCTGGAGAGACG	CTCTGTCTCCTTCCTCTTCCTACAGTACTCCCCTGCCCTCAACAAGATGTTTTGCCAACTGGCCAAGACCTGCCCTGTGCAGCTGTGGGTTGATTCCACACCCCCGCCCGGCACCCGCGTCCGCGCCATGGCCATCTACAAGCAGTCACAGCACATGACGGAGGTTGTGAGGCGCTGCCCCCACCATGAGCGCTGCTCAGATAGCGATGGTGAGCAGCTAGGGGCTGGAGAGACG	0	0	1	
Exon5_N3a_Exon_5_Lib_N3a_2	7675042>G_g.7675042ins1	0	0.0	7675042	3023	NC_000017.11:g.7675042dup	NM_000546.6:c.559+14dup	NP_000537.3:p.?	Ex5	7675042	Intron	Insertion		7675042>G	g.7675042ins1					CTCTGTCTCCTTCCTCTTCCTACAGTACTCCCCTGCCCTCAACAAGATGTTTTGCCAACTGGCCAAGACCTGCCCTGTGCAGCTGTGGGTTGATTCCACACCCCCGCCCGGCACCCGCGTCCGCGCCATGGCCATCTACAAGCAGTCACAGCACATGACGGAGGTTGTGAGGCGCTGCCCCCACCATGAGCGCTGCTCAGATAGCGATGGTGAGCAGCTGGGGGCTGGAGAGACG	CTCTGTCTCCTTCCTCTTCCTACAGTACTCCCCTGCCCTCAACAAGATGTTTTGCCAACTGGCCAAGACCTGCCCTGTGCAGCTGTGGGTTGATTCCACACCCCCGCCCGGCACCCGCGTCCGCGCCATGGCCATCTACAAGCAGTCACAGCACATGACGGAGGTTGTGAGGCGCTGCCCCCACCATGAGCGCTGCTCAGATAGCGATGGTGAGCAGCTGGGGGCTGGAGAGACG	0	0	1	
Exon5_N3a_Exon_5_Lib_N3a_3	7675041>A_g.7675041ins1	1	1.0	7675041	3033	NC_000017.11:g.7675041_7675042insT	NM_000546.6:c.559+11_559+12insA	NP_000537.3:p.?	Ex5	7675041	Intron	Insertion		7675041>A	g.7675041ins1					CTCTGTCTCCTTCCTCTTCCTACAGTACTCCCCTGCCCTCAACAAGATGTTTTGCCAACTGGCCAAGACCTGCCCTGTGCAGCTGTGGGTTGATTCCACACCCCCGCCCGGCACCCGCGTCCGCGCCATGGCCATCTACAAGCAGTCACAGCACATGACGGAGGTTGTGAGGCGCTGCCCCCACCATGAGCGCTGCTCAGATAGCGATGGTGAGCAGCTGAGGGCTGGAGAGACG	CTCTGTCTCCTTCCTCTTCCTACAGTACTCCCCTGCCCTCAACAAGATGTTTTGCCAACTGGCCAAGACCTGCCCTGTGCAGCTGTGGGTTGATTCCACACCCCCGCCCGGCACCCGCGTCCGCGCCATGGCCATCTACAAGCAGTCACAGCACATGACGGAGGTTGTGAGGCGCTGCCCCCACCATGAGCGCTGCTCAGATAGCGATGGTGAGCAGCTGAGGGCTGGAGAGACG	0	0	1	
Exon5_N3a_Exon_5_Lib_N3a_3	7675041>C_g.7675041ins1	0	0.0	7675041	3032	NC_000017.11:g.7675041_7675042insG	NM_000546.6:c.559+11_559+12insC	NP_000537.3:p.?	Ex5	7675041	Intron	Insertion		7675041>C	g.7675041ins1					CTCTGTCTCCTTCCTCTTCCTACAGTACTCCCCTGCCCTCAACAAGATGTTTTGCCAACTGGCCAAGACCTGCCCTGTGCAGCTGTGGGTTGATTCCACACCCCCGCCCGGCACCCGCGTCCGCGCCATGGCCATCTACAAGCAGTCACAGCACATGACGGAGGTTGTGAGGCGCTGCCCCCACCATGAGCGCTGCTCAGATAGCGATGGTGAGCAGCTGCGGGCTGGAGAGACG	CTCTGTCTCCTTCCTCTTCCTACAGTACTCCCCTGCCCTCAACAAGATGTTTTGCCAACTGGCCAAGACCTGCCCTGTGCAGCTGTGGGTTGATTCCACACCCCCGCCCGGCACCCGCGTCCGCGCCATGGCCATCTACAAGCAGTCACAGCACATGACGGAGGTTGTGAGGCGCTGCCCCCACCATGAGCGCTGCTCAGATAGCGATGGTGAGCAGCTGCGGGCTGGAGAGACG	0	0	1	
Exon5_N3a_Exon_5_Lib_N3a_3	7675041>T_g.7675041ins1	0	0.0	7675041	3030	NC_000017.11:g.7675041_7675042insA	NM_000546.6:c.559+11_559+12insT	NP_000537.3:p.?	Ex5	7675041	Intron	Insertion		7675041>T	g.7675041ins1					CTCTGTCTCCTTCCTCTTCCTACAGTACTCCCCTGCCCTCAACAAGATGTTTTGCCAACTGGCCAAGACCTGCCCTGTGCAGCTGTGGGTTGATTCCACACCCCCGCCCGGCACCCGCGTCCGCGCCATGGCCATCTACAAGCAGTCACAGCACATGACGGAGGTTGTGAGGCGCTGCCCCCACCATGAGCGCTGCTCAGATAGCGATGGTGAGCAGCTGTGGGCTGGAGAGACG	CTCTGTCTCCTTCCTCTTCCTACAGTACTCCCCTGCCCTCAACAAGATGTTTTGCCAACTGGCCAAGACCTGCCCTGTGCAGCTGTGGGTTGATTCCACACCCCCGCCCGGCACCCGCGTCCGCGCCATGGCCATCTACAAGCAGTCACAGCACATGACGGAGGTTGTGAGGCGCTGCCCCCACCATGAGCGCTGCTCAGATAGCGATGGTGAGCAGCTGTGGGCTGGAGAGACG	0	0	1	
Exon5_N3a_Exon_5_Lib_N3a_3	7675041G>A_nan	0	0.0	7675041	3028	NC_000017.11:g.7675041C>T	NM_000546.6:c.559+12G>A	NP_000537.3:p.?	Ex5	7675041	Intron	SNP		7675041G>A						CTCTGTCTCCTTCCTCTTCCTACAGTACTCCCCTGCCCTCAACAAGATGTTTTGCCAACTGGCCAAGACCTGCCCTGTGCAGCTGTGGGTTGATTCCACACCCCCGCCCGGCACCCGCGTCCGCGCCATGGCCATCTACAAGCAGTCACAGCACATGACGGAGGTTGTGAGGCGCTGCCCCCACCATGAGCGCTGCTCAGATAGCGATGGTGAGCAGCTGAGGCTGGAGAGACG	CTCTGTCTCCTTCCTCTTCCTACAGTACTCCCCTGCCCTCAACAAGATGTTTTGCCAACTGGCCAAGACCTGCCCTGTGCAGCTGTGGGTTGATTCCACACCCCCGCCCGGCACCCGCGTCCGCGCCATGGCCATCTACAAGCAGTCACAGCACATGACGGAGGTTGTGAGGCGCTGCCCCCACCATGAGCGCTGCTCAGATAGCGATGGTGAGCAGCTGAGGCTGGAGAGACG	0	0	1	
Exon5_N3a_Exon_5_Lib_N3a_3	7675041G>C_nan	0	0.0	7675041	3027	NC_000017.11:g.7675041C>G	NM_000546.6:c.559+12G>C	NP_000537.3:p.?	Ex5	7675041	Intron	SNP		7675041G>C						CTCTGTCTCCTTCCTCTTCCTACAGTACTCCCCTGCCCTCAACAAGATGTTTTGCCAACTGGCCAAGACCTGCCCTGTGCAGCTGTGGGTTGATTCCACACCCCCGCCCGGCACCCGCGTCCGCGCCATGGCCATCTACAAGCAGTCACAGCACATGACGGAGGTTGTGAGGCGCTGCCCCCACCATGAGCGCTGCTCAGATAGCGATGGTGAGCAGCTGCGGCTGGAGAGACG	CTCTGTCTCCTTCCTCTTCCTACAGTACTCCCCTGCCCTCAACAAGATGTTTTGCCAACTGGCCAAGACCTGCCCTGTGCAGCTGTGGGTTGATTCCACACCCCCGCCCGGCACCCGCGTCCGCGCCATGGCCATCTACAAGCAGTCACAGCACATGACGGAGGTTGTGAGGCGCTGCCCCCACCATGAGCGCTGCTCAGATAGCGATGGTGAGCAGCTGCGGCTGGAGAGACG	0	0	1	
Exon5_N3a_Exon_5_Lib_N3a_3	7675041G>T_nan	0	0.0	7675041	3026	NC_000017.11:g.7675041C>A	NM_000546.6:c.559+12G>T	NP_000537.3:p.?	Ex5	7675041	Intron	SNP		7675041G>T						CTCTGTCTCCTTCCTCTTCCTACAGTACTCCCCTGCCCTCAACAAGATGTTTTGCCAACTGGCCAAGACCTGCCCTGTGCAGCTGTGGGTTGATTCCACACCCCCGCCCGGCACCCGCGTCCGCGCCATGGCCATCTACAAGCAGTCACAGCACATGACGGAGGTTGTGAGGCGCTGCCCCCACCATGAGCGCTGCTCAGATAGCGATGGTGAGCAGCTGTGGCTGGAGAGACG	CTCTGTCTCCTTCCTCTTCCTACAGTACTCCCCTGCCCTCAACAAGATGTTTTGCCAACTGGCCAAGACCTGCCCTGTGCAGCTGTGGGTTGATTCCACACCCCCGCCCGGCACCCGCGTCCGCGCCATGGCCATCTACAAGCAGTCACAGCACATGACGGAGGTTGTGAGGCGCTGCCCCCACCATGAGCGCTGCTCAGATAGCGATGGTGAGCAGCTGTGGCTGGAGAGACG	0	0	1	
Exon5_N3a_Exon_5_Lib_N3a_3	7675042>A_g.7675042ins1	0	0.0	7675042	3025	NC_000017.11:g.7675042_7675043insT	NM_000546.6:c.559+10_559+11insA	NP_000537.3:p.?	Ex5	7675042	Intron	Insertion		7675042>A	g.7675042ins1					CTCTGTCTCCTTCCTCTTCCTACAGTACTCCCCTGCCCTCAACAAGATGTTTTGCCAACTGGCCAAGACCTGCCCTGTGCAGCTGTGGGTTGATTCCACACCCCCGCCCGGCACCCGCGTCCGCGCCATGGCCATCTACAAGCAGTCACAGCACATGACGGAGGTTGTGAGGCGCTGCCCCCACCATGAGCGCTGCTCAGATAGCGATGGTGAGCAGCTAGGGGCTGGAGAGACG	CTCTGTCTCCTTCCTCTTCCTACAGTACTCCCCTGCCCTCAACAAGATGTTTTGCCAACTGGCCAAGACCTGCCCTGTGCAGCTGTGGGTTGATTCCACACCCCCGCCCGGCACCCGCGTCCGCGCCATGGCCATCTACAAGCAGTCACAGCACATGACGGAGGTTGTGAGGCGCTGCCCCCACCATGAGCGCTGCTCAGATAGCGATGGTGAGCAGCTAGGGGCTGGAGAGACG	0	0	1	
Exon5_N3a_Exon_5_Lib_N3a_3	7675042>G_g.7675042ins1	0	0.0	7675042	3023	NC_000017.11:g.7675042dup	NM_000546.6:c.559+14dup	NP_000537.3:p.?	Ex5	7675042	Intron	Insertion		7675042>G	g.7675042ins1					CTCTGTCTCCTTCCTCTTCCTACAGTACTCCCCTGCCCTCAACAAGATGTTTTGCCAACTGGCCAAGACCTGCCCTGTGCAGCTGTGGGTTGATTCCACACCCCCGCCCGGCACCCGCGTCCGCGCCATGGCCATCTACAAGCAGTCACAGCACATGACGGAGGTTGTGAGGCGCTGCCCCCACCATGAGCGCTGCTCAGATAGCGATGGTGAGCAGCTGGGGGCTGGAGAGACG	CTCTGTCTCCTTCCTCTTCCTACAGTACTCCCCTGCCCTCAACAAGATGTTTTGCCAACTGGCCAAGACCTGCCCTGTGCAGCTGTGGGTTGATTCCACACCCCCGCCCGGCACCCGCGTCCGCGCCATGGCCATCTACAAGCAGTCACAGCACATGACGGAGGTTGTGAGGCGCTGCCCCCACCATGAGCGCTGCTCAGATAGCGATGGTGAGCAGCTGGGGGCTGGAGAGACG	0	0	1	
